{
  "iwan": {
    "name": "",
    "address": "",
    "phone": "",
    "agentId": "",
    "technicianId": "",
    "customerNumber": "10001"
  },
  "sukro": {
    "name": "",
    "address": "",
    "phone": "",
    "agentId": "",
    "technicianId": "",
    "customerNumber": "10002"
  },
  "TKL00-bondet": {
    "name": "",
    "address": "",
    "phone": "",
    "agentId": "",
    "technicianId": "",
    "customerNumber": "10003"
  },
  "samsul": {
    "name": "",
    "address": "",
    "phone": "",
    "agentId": "",
    "technicianId": "",
    "customerNumber": "10004"
  },
  "kecap": {
    "name": "",
    "address": "",
    "phone": "",
    "agentId": "",
    "technicianId": "",
    "customerNumber": "10005"
  },
  "fiki": {
    "name": "",
    "address": "",
    "phone": "",
    "agentId": "",
    "technicianId": "",
    "customerNumber": "10006"
  },
  "paiconk": {
    "name": "",
    "address": "",
    "phone": "",
    "agentId": "",
    "technicianId": "",
    "customerNumber": "10007"
  },
  "TKL00-locoo": {
    "name": "",
    "address": "",
    "phone": "",
    "agentId": "",
    "technicianId": "",
    "customerNumber": "10008"
  },
  "TKL-BL-kento": {
    "name": "",
    "address": "",
    "phone": "",
    "agentId": "",
    "technicianId": "",
    "customerNumber": "10009"
  },
  "TKL00-kurniawan": {
    "name": "",
    "address": "",
    "phone": "",
    "agentId": "",
    "technicianId": "",
    "customerNumber": "10010"
  },
  "TKL-KR-MiniKarang": {
    "name": "",
    "address": "",
    "phone": "",
    "agentId": "",
    "technicianId": "",
    "customerNumber": "10011"
  },
  "diva": {
    "name": "",
    "address": "",
    "phone": "",
    "agentId": "",
    "technicianId": "",
    "customerNumber": "10012"
  },
  "rakim": {
    "name": "",
    "address": "",
    "phone": "",
    "agentId": "",
    "technicianId": "",
    "customerNumber": "10013"
  },
  "TKL00-candra": {
    "name": "",
    "address": "",
    "phone": "",
    "agentId": "",
    "technicianId": "",
    "customerNumber": "10014"
  },
  "aasiis": {
    "name": "",
    "address": "",
    "phone": "",
    "agentId": "",
    "technicianId": "",
    "customerNumber": "10015"
  },
  "bento": {
    "name": "",
    "address": "",
    "phone": "",
    "agentId": "",
    "technicianId": "",
    "customerNumber": "10016"
  },
  "kasni": {
    "name": "",
    "address": "",
    "phone": "",
    "agentId": "",
    "technicianId": "",
    "customerNumber": "10017"
  },
  "Boiran": {
    "name": "",
    "address": "",
    "phone": "",
    "agentId": "",
    "technicianId": "",
    "customerNumber": "10018"
  },
  "ustad": {
    "name": "",
    "address": "",
    "phone": "",
    "agentId": "",
    "technicianId": "",
    "customerNumber": "10019"
  },
  "MGSPR-sogol": {
    "name": "",
    "address": "",
    "phone": "",
    "agentId": "",
    "technicianId": "",
    "customerNumber": "10020"
  },
  "kardi": {
    "name": "",
    "address": "",
    "phone": "",
    "agentId": "",
    "technicianId": "",
    "customerNumber": "10021"
  },
  "MGSPR-prapti": {
    "name": "",
    "address": "",
    "phone": "",
    "agentId": "",
    "technicianId": "",
    "customerNumber": "10022"
  },
  "jurit": {
    "name": "",
    "address": "",
    "phone": "",
    "agentId": "",
    "technicianId": "",
    "customerNumber": "10023"
  },
  "yoga": {
    "name": "",
    "address": "",
    "phone": "",
    "agentId": "",
    "technicianId": "",
    "customerNumber": "10024"
  },
  "riyono": {
    "name": "",
    "address": "",
    "phone": "",
    "agentId": "",
    "technicianId": "",
    "customerNumber": "10025"
  },
  "AlHilal": {
    "name": "",
    "address": "",
    "phone": "",
    "agentId": "",
    "technicianId": "",
    "customerNumber": "10026"
  },
  "aifa": {
    "name": "",
    "address": "",
    "phone": "",
    "agentId": "",
    "technicianId": "",
    "customerNumber": "10027"
  },
  "ambon": {
    "name": "",
    "address": "",
    "phone": "",
    "agentId": "",
    "technicianId": "",
    "customerNumber": "10028"
  },
  "TKL-BL-alexatim": {
    "name": "",
    "address": "",
    "phone": "",
    "agentId": "",
    "technicianId": "",
    "customerNumber": "10029"
  },
  "luckycollection": {
    "name": "",
    "address": "",
    "phone": "",
    "agentId": "",
    "technicianId": "",
    "customerNumber": "10030"
  },
  "binaprestasi": {
    "name": "",
    "address": "",
    "phone": "",
    "agentId": "",
    "technicianId": "",
    "customerNumber": "10031"
  },
  "bero": {
    "name": "",
    "address": "",
    "phone": "",
    "agentId": "",
    "technicianId": "",
    "customerNumber": "10032"
  },
  "ridwan": {
    "name": "",
    "address": "",
    "phone": "",
    "agentId": "",
    "technicianId": "",
    "customerNumber": "10033"
  },
  "tutik": {
    "name": "",
    "address": "",
    "phone": "",
    "agentId": "",
    "technicianId": "",
    "customerNumber": "10034"
  },
  "dalbo": {
    "name": "",
    "address": "",
    "phone": "",
    "agentId": "",
    "technicianId": "",
    "customerNumber": "10035"
  },
  "mrjuni": {
    "name": "",
    "address": "",
    "phone": "",
    "agentId": "",
    "technicianId": "",
    "customerNumber": "10036"
  },
  "kandar": {
    "name": "",
    "address": "",
    "phone": "",
    "agentId": "",
    "technicianId": "",
    "customerNumber": "10037"
  },
  "NGR-ErnaKasihan": {
    "name": "",
    "address": "",
    "phone": "",
    "agentId": "",
    "technicianId": "",
    "customerNumber": "10038"
  },
  "kanijan": {
    "name": "",
    "address": "",
    "phone": "",
    "agentId": "",
    "technicianId": "",
    "customerNumber": "10039"
  },
  "TKL00-sdn1tangkil": {
    "name": "",
    "address": "",
    "phone": "",
    "agentId": "",
    "technicianId": "",
    "customerNumber": "10040"
  },
  "pirto": {
    "name": "",
    "address": "",
    "phone": "",
    "agentId": "",
    "technicianId": "",
    "customerNumber": "10041"
  },
  "dhea": {
    "name": "",
    "address": "",
    "phone": "",
    "agentId": "",
    "technicianId": "",
    "customerNumber": "10042"
  },
  "fajarpakel": {
    "name": "",
    "address": "",
    "phone": "",
    "agentId": "",
    "technicianId": "",
    "customerNumber": "10043"
  },
  "MIKas": {
    "name": "",
    "address": "",
    "phone": "",
    "agentId": "",
    "technicianId": "",
    "customerNumber": "10044"
  },
  "parmin": {
    "name": "",
    "address": "",
    "phone": "",
    "agentId": "",
    "technicianId": "",
    "customerNumber": "10045"
  },
  "klandri": {
    "name": "",
    "address": "",
    "phone": "",
    "agentId": "",
    "technicianId": "",
    "customerNumber": "10046"
  },
  "kung": {
    "name": "",
    "address": "",
    "phone": "",
    "agentId": "",
    "technicianId": "",
    "customerNumber": "10047"
  },
  "marsanto": {
    "name": "",
    "address": "",
    "phone": "",
    "agentId": "",
    "technicianId": "",
    "customerNumber": "10048"
  },
  "kakung": {
    "name": "",
    "address": "",
    "phone": "",
    "agentId": "",
    "technicianId": "",
    "customerNumber": "10049"
  },
  "gunawan": {
    "name": "",
    "address": "",
    "phone": "",
    "agentId": "",
    "technicianId": "",
    "customerNumber": "10050"
  },
  "parjo": {
    "name": "",
    "address": "",
    "phone": "",
    "agentId": "",
    "technicianId": "",
    "customerNumber": "10051"
  },
  "TKL-03-yayuk": {
    "name": "",
    "address": "",
    "phone": "",
    "agentId": "",
    "technicianId": "",
    "customerNumber": "10052"
  },
  "warkop24": {
    "name": "",
    "address": "",
    "phone": "",
    "agentId": "",
    "technicianId": "",
    "customerNumber": "10053"
  },
  "ekabarang": {
    "name": "",
    "address": "",
    "phone": "",
    "agentId": "",
    "technicianId": "",
    "customerNumber": "10054"
  },
  "TKL-BL-sabar": {
    "name": "",
    "address": "",
    "phone": "",
    "agentId": "",
    "technicianId": "",
    "customerNumber": "10055"
  },
  "bagong": {
    "name": "",
    "address": "",
    "phone": "",
    "agentId": "",
    "technicianId": "",
    "customerNumber": "10056"
  },
  "wanto": {
    "name": "",
    "address": "",
    "phone": "",
    "agentId": "",
    "technicianId": "",
    "customerNumber": "10057"
  },
  "TKL00-karman": {
    "name": "",
    "address": "",
    "phone": "",
    "agentId": "",
    "technicianId": "",
    "customerNumber": "10058"
  },
  "duetduet": {
    "name": "",
    "address": "",
    "phone": "",
    "agentId": "",
    "technicianId": "",
    "customerNumber": "10059"
  },
  "lestari": {
    "name": "",
    "address": "",
    "phone": "",
    "agentId": "",
    "technicianId": "",
    "customerNumber": "10060"
  },
  "sulis": {
    "name": "",
    "address": "",
    "phone": "",
    "agentId": "",
    "technicianId": "",
    "customerNumber": "10061"
  },
  "karno": {
    "name": "",
    "address": "",
    "phone": "",
    "agentId": "",
    "technicianId": "",
    "customerNumber": "10062"
  },
  "mukiran": {
    "name": "",
    "address": "",
    "phone": "",
    "agentId": "",
    "technicianId": "",
    "customerNumber": "10063"
  },
  "bayubarang": {
    "name": "",
    "address": "",
    "phone": "",
    "agentId": "",
    "technicianId": "",
    "customerNumber": "10064"
  },
  "kukuh": {
    "name": "",
    "address": "",
    "phone": "",
    "agentId": "",
    "technicianId": "",
    "customerNumber": "10065"
  },
  "fira": {
    "name": "",
    "address": "",
    "phone": "",
    "agentId": "",
    "technicianId": "",
    "customerNumber": "10066"
  },
  "ratih": {
    "name": "",
    "address": "",
    "phone": "",
    "agentId": "",
    "technicianId": "",
    "customerNumber": "10067"
  },
  "tunggak": {
    "name": "",
    "address": "",
    "phone": "",
    "agentId": "",
    "technicianId": "",
    "customerNumber": "10068"
  },
  "suralen": {
    "name": "",
    "address": "",
    "phone": "",
    "agentId": "",
    "technicianId": "",
    "customerNumber": "10069"
  },
  "sutix": {
    "name": "",
    "address": "",
    "phone": "",
    "agentId": "",
    "technicianId": "",
    "customerNumber": "10070"
  },
  "bejo": {
    "name": "",
    "address": "",
    "phone": "",
    "agentId": "",
    "technicianId": "",
    "customerNumber": "10071"
  },
  "doto": {
    "name": "",
    "address": "",
    "phone": "",
    "agentId": "",
    "technicianId": "",
    "customerNumber": "10072"
  },
  "kantorsd": {
    "name": "",
    "address": "",
    "phone": "",
    "agentId": "",
    "technicianId": "",
    "customerNumber": "10073"
  },
  "patbungur": {
    "name": "",
    "address": "",
    "phone": "",
    "agentId": "",
    "technicianId": "",
    "customerNumber": "10074"
  },
  "dewikare": {
    "name": "",
    "address": "",
    "phone": "",
    "agentId": "",
    "technicianId": "",
    "customerNumber": "10075"
  },
  "dimaswarung": {
    "name": "",
    "address": "",
    "phone": "",
    "agentId": "",
    "technicianId": "",
    "customerNumber": "10076"
  },
  "MGS01-MalaTretes": {
    "name": "",
    "address": "",
    "phone": "",
    "agentId": "",
    "technicianId": "",
    "customerNumber": "10077"
  },
  "TKL00-Mela": {
    "name": "",
    "address": "",
    "phone": "",
    "agentId": "",
    "technicianId": "",
    "customerNumber": "10078"
  },
  "iqbalpakel": {
    "name": "",
    "address": "",
    "phone": "",
    "agentId": "",
    "technicianId": "",
    "customerNumber": "10079"
  },
  "hasim": {
    "name": "",
    "address": "",
    "phone": "",
    "agentId": "",
    "technicianId": "",
    "customerNumber": "10080"
  },
  "dimastaman": {
    "name": "",
    "address": "",
    "phone": "",
    "agentId": "",
    "technicianId": "",
    "customerNumber": "10081"
  },
  "budi": {
    "name": "",
    "address": "",
    "phone": "",
    "agentId": "",
    "technicianId": "",
    "customerNumber": "10082"
  },
  "buusup": {
    "name": "",
    "address": "",
    "phone": "",
    "agentId": "",
    "technicianId": "",
    "customerNumber": "10083"
  },
  "MGS02-Joledeng": {
    "name": "",
    "address": "",
    "phone": "",
    "agentId": "",
    "technicianId": "",
    "customerNumber": "10084"
  },
  "MGS02-NurKasan": {
    "name": "",
    "address": "",
    "phone": "",
    "agentId": "",
    "technicianId": "",
    "customerNumber": "10085"
  },
  "WiwisTretes/hd": {
    "name": "",
    "address": "",
    "phone": "",
    "agentId": "",
    "technicianId": "",
    "customerNumber": "10086"
  },
  "santheng": {
    "name": "",
    "address": "",
    "phone": "",
    "agentId": "",
    "technicianId": "",
    "customerNumber": "10087"
  },
  "MGS02-SuprinyantoTretes/hd": {
    "name": "",
    "address": "",
    "phone": "",
    "agentId": "",
    "technicianId": "",
    "customerNumber": "10088"
  },
  "MGS02-KatujiTretes/hd": {
    "name": "",
    "address": "",
    "phone": "",
    "agentId": "",
    "technicianId": "",
    "customerNumber": "10089"
  },
  "TKL03-BG-Gendis": {
    "name": "",
    "address": "",
    "phone": "",
    "agentId": "",
    "technicianId": "",
    "customerNumber": "10090"
  },
  "JaminTretes/hd": {
    "name": "",
    "address": "",
    "phone": "",
    "agentId": "",
    "technicianId": "",
    "customerNumber": "10091"
  },
  "MGS02-BajaTretes/hd": {
    "name": "",
    "address": "",
    "phone": "",
    "agentId": "",
    "technicianId": "",
    "customerNumber": "10092"
  },
  "tubagus": {
    "name": "",
    "address": "",
    "phone": "",
    "agentId": "",
    "technicianId": "",
    "customerNumber": "10093"
  },
  "TKL-BR-AnaBungur": {
    "name": "",
    "address": "",
    "phone": "",
    "agentId": "",
    "technicianId": "",
    "customerNumber": "10094"
  },
  "KenthusJambe": {
    "name": "",
    "address": "",
    "phone": "",
    "agentId": "",
    "technicianId": "",
    "customerNumber": "10095"
  },
  "9*SentotKarangAnyar": {
    "name": "",
    "address": "",
    "phone": "",
    "agentId": "",
    "technicianId": "",
    "customerNumber": "10096"
  },
  "09*PaicongJobang": {
    "name": "",
    "address": "",
    "phone": "",
    "agentId": "",
    "technicianId": "",
    "customerNumber": "10097"
  },
  "09*PaimanJobang": {
    "name": "",
    "address": "",
    "phone": "",
    "agentId": "",
    "technicianId": "",
    "customerNumber": "10098"
  },
  "09*MarcuwetJobang": {
    "name": "",
    "address": "",
    "phone": "",
    "agentId": "",
    "technicianId": "",
    "customerNumber": "10099"
  },
  "09*PujionoJobang": {
    "name": "",
    "address": "",
    "phone": "",
    "agentId": "",
    "technicianId": "",
    "customerNumber": "10100"
  },
  "09*KonoJobang": {
    "name": "",
    "address": "",
    "phone": "",
    "agentId": "",
    "technicianId": "",
    "customerNumber": "10101"
  },
  "09*KotingJobang": {
    "name": "",
    "address": "",
    "phone": "",
    "agentId": "",
    "technicianId": "",
    "customerNumber": "10102"
  },
  "09*KlowongJobang": {
    "name": "",
    "address": "",
    "phone": "",
    "agentId": "",
    "technicianId": "",
    "customerNumber": "10103"
  },
  "09*EkoJobang": {
    "name": "",
    "address": "",
    "phone": "",
    "agentId": "",
    "technicianId": "",
    "customerNumber": "10104"
  },
  "09*BarminTosari": {
    "name": "",
    "address": "",
    "phone": "",
    "agentId": "",
    "technicianId": "",
    "customerNumber": "10105"
  },
  "09*WahyuTosari": {
    "name": "",
    "address": "",
    "phone": "",
    "agentId": "",
    "technicianId": "",
    "customerNumber": "10106"
  },
  "09*PurTosari": {
    "name": "",
    "address": "",
    "phone": "",
    "agentId": "",
    "technicianId": "",
    "customerNumber": "10107"
  },
  "09*ParNgledok": {
    "name": "",
    "address": "",
    "phone": "",
    "agentId": "",
    "technicianId": "",
    "customerNumber": "10108"
  },
  "09*KarminNgledok": {
    "name": "",
    "address": "",
    "phone": "",
    "agentId": "",
    "technicianId": "",
    "customerNumber": "10109"
  },
  "09*YaniNgledok": {
    "name": "",
    "address": "",
    "phone": "",
    "agentId": "",
    "technicianId": "",
    "customerNumber": "10110"
  },
  "09*RusdiNgledok": {
    "name": "",
    "address": "",
    "phone": "",
    "agentId": "",
    "technicianId": "",
    "customerNumber": "10111"
  },
  "rosa": {
    "name": "",
    "address": "",
    "phone": "",
    "agentId": "",
    "technicianId": "",
    "customerNumber": "10112"
  },
  "novy": {
    "name": "",
    "address": "",
    "phone": "",
    "agentId": "",
    "technicianId": "",
    "customerNumber": "10113"
  },
  "Bero": {
    "name": "",
    "address": "",
    "phone": "",
    "agentId": "",
    "technicianId": "",
    "customerNumber": "10114"
  },
  "mlinjo": {
    "name": "",
    "address": "",
    "phone": "",
    "agentId": "",
    "technicianId": "",
    "customerNumber": "10115"
  },
  "09*JiminJobang1": {
    "name": "",
    "address": "",
    "phone": "",
    "agentId": "",
    "technicianId": "",
    "customerNumber": "10116"
  },
  "nani": {
    "name": "",
    "address": "",
    "phone": "",
    "agentId": "",
    "technicianId": "",
    "customerNumber": "10117"
  },
  "9*Rosid": {
    "name": "",
    "address": "",
    "phone": "",
    "agentId": "",
    "technicianId": "",
    "customerNumber": "10118"
  },
  "solikin": {
    "name": "",
    "address": "",
    "phone": "",
    "agentId": "",
    "technicianId": "",
    "customerNumber": "10119"
  },
  "supriantoobe": {
    "name": "",
    "address": "",
    "phone": "",
    "agentId": "",
    "technicianId": "",
    "customerNumber": "10120"
  },
  "01*SulSempu": {
    "name": "",
    "address": "",
    "phone": "",
    "agentId": "",
    "technicianId": "",
    "customerNumber": "10121"
  },
  "MGS01-NggomoTretes": {
    "name": "",
    "address": "",
    "phone": "",
    "agentId": "",
    "technicianId": "",
    "customerNumber": "10122"
  },
  "mbahcarik": {
    "name": "",
    "address": "",
    "phone": "",
    "agentId": "",
    "technicianId": "",
    "customerNumber": "10123"
  },
  "TKL-BR-JarnoBungur": {
    "name": "",
    "address": "",
    "phone": "",
    "agentId": "",
    "technicianId": "",
    "customerNumber": "10124"
  },
  "TKL03-BaldesTangkil": {
    "name": "",
    "address": "",
    "phone": "",
    "agentId": "",
    "technicianId": "",
    "customerNumber": "10125"
  },
  "hudi": {
    "name": "",
    "address": "",
    "phone": "",
    "agentId": "",
    "technicianId": "",
    "customerNumber": "10126"
  },
  "yodis": {
    "name": "",
    "address": "",
    "phone": "",
    "agentId": "",
    "technicianId": "",
    "customerNumber": "10127"
  },
  "MGS01-MbahGali": {
    "name": "",
    "address": "",
    "phone": "",
    "agentId": "",
    "technicianId": "",
    "customerNumber": "10128"
  },
  "TKL00-SK-Lina": {
    "name": "",
    "address": "",
    "phone": "",
    "agentId": "",
    "technicianId": "",
    "customerNumber": "10129"
  },
  "TKL00-SK-Brina": {
    "name": "",
    "address": "",
    "phone": "",
    "agentId": "",
    "technicianId": "",
    "customerNumber": "10130"
  },
  "TKL00-SK-Devi": {
    "name": "",
    "address": "",
    "phone": "",
    "agentId": "",
    "technicianId": "",
    "customerNumber": "10131"
  },
  "MGS01-PainoTretes": {
    "name": "",
    "address": "",
    "phone": "",
    "agentId": "",
    "technicianId": "",
    "customerNumber": "10132"
  },
  "BinaBalita": {
    "name": "",
    "address": "",
    "phone": "",
    "agentId": "",
    "technicianId": "",
    "customerNumber": "10133"
  },
  "TKL04-KR-HarnoKarang": {
    "name": "",
    "address": "",
    "phone": "",
    "agentId": "",
    "technicianId": "",
    "customerNumber": "10134"
  },
  "MGS-PT-SrianaPakel": {
    "name": "",
    "address": "",
    "phone": "",
    "agentId": "",
    "technicianId": "",
    "customerNumber": "10135"
  },
  "bojong": {
    "name": "",
    "address": "",
    "phone": "",
    "customerNumber": "10136",
    "agentId": "1764836856190",
    "technicianId": ""
  },
  "kancil": {
    "name": "",
    "address": "",
    "phone": "",
    "customerNumber": "10137",
    "agentId": "1764836856190",
    "technicianId": ""
  }
}